URL,Description
https://www.buyritebeauty.com/belvedere-bu12-nova-styling-chair/,"
Description


The Belvedere Maletti Nova Styling Chair is Made 100% in North America and is exclusively available only at Buy-Rite! This styling chair was designed with quality and durability in mind as it is built to last in the busiest and toughest salon environments. The Nova Styling Chair features a smooth interior vinyl surface that is perfectly complimented by an eye-catching quilted stitch pattern on the exterior arm and back cushions. The smooth vinyl interior, as well as the small openings between the seat and back cushions, make this chair incredibly easy to clean. This styling chair features and extra-wide seat to keep even your largest customers comfortable and a low backrest which is great when cutting longer hair. The Nova Styling Chair is available for quick ship in black vinyl and brushed chrome base but is also available in more than 80 vibrant vinyl colors to perfectly match the décor of your salon or spa. Additionally, the Nova Styling Chair comes complete on a 23” brushed chrome base but it is also available on a painted black base by special order. If you are looking for a styling chair with great style that can also be the workhorse in any salon, then the Nova Styling Chair is the one for you! *Please allow 4 - 5 weeks for shipment of colors other than Black or those selecting the painted black base option.Features: 

Made 100% in North America by Belvedere Maletti
Available Exclusively at Buy-Rite Salon Equipment!
Low Backrest for Cutting Long Hair
Extra-Wide Seat w/ Resilient Foam Padded Upholstery
5 Year Warranty on Hydraulic Pump
Polished Chrome “U” Footrest
(2) 23"" Base Options – Brushed Chrome & Painted Black
Black Vinyl Available for Quick Shipment
Available in Over 80 Vibrant Vinyl Colors
 


Read Reviews
"
https://www.buyritebeauty.com/belvedere-kami-unisex-barber-chair/,"
Description


The Belvedere Kami Unisex Barber Chair is an Italian Made Barber Chair that offers unmatched durability and functionality. This barber chair perfectly blends contemporary style with unmatched usability that comforts both the stylist and client. The contoured seat back of the Kami provides added lumbar support while the curved seat keeps the clients comfortable and in perfect cutting position. The Kami Unisex Barber Chair features upholstered arm rests for maximum comfort and a vertically adjustable head rest to cater to customers of all sizes. The Kami Unisex Barber Chair can also be accompanied by the Kami Reclining All Purpose Chair and/or the Kami Styling Chair  to offer great design continuity across your salon or barber shop.
Features:

Italian Made Barber Chair
Contoured Seat Back & Curved Seat for Great Comfort
Extra Wide Winged Seat & Back Rest
Contemporary Style Barber Chair
Adjustable Headrest
Low Density Expanded Polyurethane Foam Structure and Metal Insert
5 Year Warranty on Hydraulic Pump.
 


Read Reviews
"
https://www.buyritebeauty.com/belvedere-rocky-barber-chair/,"
Description


The Belvedere Rocky Barber Chair is a professional Barber Chair that is Made in Italy and is sure to look dashing in any barber shop or salon! The Rocky is a reclining barber’s chair featuring a hydraulic swivel pump with brake, reclining seat with synchronized back and leg lift movement and an adjustable headrest. It’s heavy duty frame and polished high rigidity aluminum tread plate provides ultimate control and stability.  This time-honored design is upholstered in vinyl and showcased with diamond stitching on both the seat and back cushions. The Rocky barber chair comes complete with a five-year warranty on its hydraulic pump as well as a one year warranty on all other parts, assuring you peace of mind with this exceptional chair. The Rocky Barber Chair is available in two colors options; black vinyl with a black frame and black base or brown vinyl with a white frame and white base. 
Features:

Italian Made Professional Barber Chair
Hydraulic Swivel Pump with Brake
Diamond Pattern Stitched Leather on Seat & Back Cushions
Heavy Duty Frame
Adjustable, Pull Out Headrest With Stainless Steel Insert
Reclining Seat w/ Synchronized Back & Leg Lift
Seat With Traditional Steel Springs For Maximum Seating Comfort
Available In Two Color Options
 


Read Reviews
"
https://www.buyritebeauty.com/belvedere-zeus-easy-barber-chair/,"
Description


The Belvedere Zeus Easy Barber Chair is an Italian made Barber Chair that can satisfy even the most demanding customer in terms of quality and comfort. The Zeus Easy is a reclining swivel barber’s chair featuring a hydraulic swivel pump with brake, reclining seat with synchronized back and leg lift movement and adjustable headrest and footrest. It’s heavy duty frame and polished high rigidity aluminum tread plate provides the ultimate control and stability.  This time-honored design is upholstered in vinyl and showcased with diamond stitching on both the front and back of the barber’s chair. The Zeus Easy barber chair comes with a five year warranty on it’s hydraulic pump as well as a one year warranty on all other parts, assuring you peace of mind with this exceptional chair. The Zeus Easy Barber Chair is available for quick ship as pictured, with black vinyl and black piping. 
Features:

Italian Made Professional Barber Chair
Hydraulic Swivel Pump with Brake
Diamond Pattern Stitched Vinyl
Heavy Duty Frame
Reclining Seat w/ Synchronized Back & Leg Lift
Backrest With Inside Elastic Straps For High Comfort
Seat With Traditional Steel Springs For Maximum Seating Comfort
Available in Black Upholstery with Black Piping
 


Read Reviews
"
https://www.buyritebeauty.com/belvedere-camaleonte-fashion-backwash-unit/,"
Description


The Belvedere Camaleonte Fashion Backwash Unit is Made in Italy with the utmost quality and attention to detail at the forefront. This sleek backwash unit comes in black eco-leather upholstery with eye-catching polished aluminum arm rests that are sure to make any modern salon shine. The Camaleonte Fashion makes cleaning, plumbing  and maintenance almost effortless by offering a flip up seat, which is also an indispensable feature for facilitating inspections. This backwash unit also comes with a motorized leg rest option for ultimate client comfort. The Belvedere Camaleonte Fashion Backwash comes complete with a white ceramic tilting shampoo bowl that features UPC certified fixtures. **Not compatible for use with a deck mounted Vacuum Breaker**
Features:

Italian Made Shampoo Backwash Unit
Black Eco-Leather Upholstery
Polished Aluminum Arm Rests
White Ceramic Tilting Shampoo Bowl
UPC Certified Fixtures
Flip Up Seat for Effortless Cleaning & Maintenance
Motorized Leg Rest Option Available for an Upcharge
5 Year Warranty on Ceramic Shampoo Bowl
 


Read Reviews
"
https://www.buyritebeauty.com/belvedere-camaleonte-swing-backwash-unit/,"
Description


The Belvedere Camaleonte Swing Backwash Unit is Italian made and offers luxurious design and extreme comfort. This shampoo backwash unit features a white ceramic tilting shampoo bowl complete with UPC certified fixtures and comes upholstered in a durable black eco-leather upholstery. The Camaleonte Swing makes cleaning, plumbing and maintenance almost effortless by offering a flip up seat, which is also an indispensable feature for facilitating inspections. This backwash unit also comes with a motorized leg rest option for ultimate client comfort. The Belvedere Camaleonte Swing Backwash is available for quick shipment and is a great addition for any salon or spa. **Not compatible for use with a deck mounted Vacuum Breaker**
Features:

Italian Made Shampoo Backwash Unit
Black Eco-Leather Upholstery
White Ceramic Tilting Shampoo Bowl
UPC Certified Fixtures
Flip Up Seat for Effortless Cleaning & Maintenance
Motorized Leg Rest Option Available for an Upcharge
5 Year Warranty on Ceramic Shampoo Bowl
 


Read Reviews
"
https://www.buyritebeauty.com/maxim-double-sided-styling-station-w-ledge/,"
Description


The Maxim Double-Sided Styling Station w/ Ledge is 100% Made in the U.S.A. and is perfect for not one, but TWO stylists! This free-standing, two-sided salon styling station ships to you fully assembled and comes complete with (2) front ledges & (2) 30"" x 28"" mirrors. Each side of the Maxim Double Sided Styling Station w/ Ledge is identically equipped with an upper storage cabinet, two utility drawers, storage cabinet with a slide-out tool panel to accommodate one blow dryer and two curling irons, as well as one lower drawer for additional storage! This dual sided station is designed with style and functionality in mind, and is sure to suit any salon décor! The Maxim is available in your choice of 40 laminate colors with two-tone options, so ask your Buy-Rite Beauty Sales representative today!
Description:

Made 100% in the U.S.A.
Complete with Front Ledge on Each Side
Mirrors Included on Each Side 30"" x 28""
Available in 40 Popular Laminates Colors w/ Two-Tone Option
Each Side Identically Equipped with: - (1) Upper Storage Cabinet - (1) Slide Out Tool Panel - (3) Utility Drawers
Full Extension Glides & Brushed Metal Handles
** Ships Fully Assembled **
 


Read Reviews
"
https://www.buyritebeauty.com/omni-platinum-styling-station-w-mobile-base/,"
Description


The Omni Platinum Styling Station is made 100% in the U.S.A. and features a metallic finish that is both modern and virtually indestructible. The metallic finish on the Omni Platinum Station offers a modern and industrial look that is sure to elevate the style of any Salon or Spa. The metallic finish also offers the durability and performance needed to withstand even the busiest professional salon environments. This styling station comes complete with a 60"" full-length mirror and ships to you in two fully assembled pieces for quick and easy installation. A stylist working on the Omni Platinum will be greeted on the right-hand side with an upper storage cabinet, two utility drawers, a slide-out tool panel to accommodate one blow dryer and two curling irons, as well as an extra lower drawer for additional storage! The left side of this styling station offers even more storage space with two large cabinets. Additionally, the Omni Platinum also features hidden wheels on the bottom for easy cleaning and maneuverability throughout your salon. This feature would be a great asset to any cosmetology school looking for an easy transformation from classroom to hands-on work space. If you are looking for a high-end Salon Station that is both eye-catching and extremely durable then you have found the one! And if you have the need for (2) Stylists at the same station we offer the Omni Platinum Double Styling station w/ Mobile Base.
Features:

Made 100% in the U.S.A.
Metallic Finish for Great Modern Style & Durability
High-End Industrial Metallic Design
Complete w/ 60"" Full Length Mirror
Full Extension Glides & Brushed Metal Handles
Hidden Wheels for Great Mobility
(3) Storage Cabinets
(1) Storage Drawer
(2) Utility Drawers
(1) Right-Hand Pull Out Appliance Drawer
 


Read Reviews
"
https://www.buyritebeauty.com/omni-platinum-double-styling-station-w-mobile-base/,"
Description


The Omni Platinum Double Styling Station is made 100% in the U.S.A. and features a metallic finish that is both modern and virtually indestructible. The metallic finish on the Omni Platinum Station offers a modern and industrial look that is sure to elevate the style of any Salon or Spa. The metallic finish also offers the durability and performance needed to withstand even the busiest professional salon environments. This styling station is double-sided and is designed to accommodate the needs of two stylists working at the same time.  The Omni Platinum Double Station comes complete with (2) 60"" full-length mirrors and ships to you in two fully assembled pieces for quick and easy installation. Each side of this double styling station is identically equipped with an upper storage cabinet, two utility drawers, a slide-out tool panel to accommodate one blow dryer and two curling irons, and an extra lower drawer for additional storage. Additionally, the Omni Platinum also features hidden wheels on the bottom for easy cleaning and maneuverability throughout your salon. This feature would be a great asset to any cosmetology school looking for an easy transition from classroom to hands-on work space. If you are looking for a high-end Double-Sided Salon Station that is both eye-catching and extremely durable then you have found the one! And if you have the need for only (1) Stylist per station we off the Omni Platinum Styling Station w/ Mobile Base. 
Features:

Made 100% in the U.S.A.
Designed & Built Double Sided for Two Stylists
Metallic Finish for Great Modern Style & Durability
High-End Industrial Metallic Design
Complete w/ (2) 60"" Full Length Mirrors
Full Extension Glides & Brushed Metal Handles
Hidden Wheels for Great Mobility
(2) Storage Cabinets
(2) Storage Drawers
(4) Utility Drawers
(2) Pull Out Appliance Drawers
 


Read Reviews
"
https://www.buyritebeauty.com/continuum-300-count-liners-for-pedicute/,"
Description


        Make sanitation your biggest priority. The Pedicute & Simplicity offer a safe, worry-free solution to minimizing cross contamination by utilizing disposable liners in the removable tub. Spend less time cleaning and sanitizing and more time with your next client. This pack of 300 liners are brand new and come ready to use out of the box!    


Read Reviews
"
https://www.buyritebeauty.com/3-5-x-5-ic-urethane-extra-soft-circular-mat-w-square-cut-out-5-8/,"
Description


This Extra Soft Circular Salon Mat w/ Square Cut Out is made by IC Urethane, which guarantees the utmost quality found in the salon industry. This circular mat is unique in that it features a square cut out depression which works perfectly for any square base chair, and it can also accommodate round chair base as well! This particular mat is professional grade and measures 3.5’ x 5’, with a 5/8” thickness to help reduce strain on feet, legs, neck and back! IC Urethane‘s super soft mats provide cushioned comfort and protective floor care for all Salons and Barber Shops, & feature an INDUSTRY BEST 5 YEAR WARRANTY!!
Features:

5/8” Thick Professional Grade Mat
Industry Best 5 Year Warranty
Extra Soft Salon Mat Technology by IC Urethane
3.5’ x 5’ Circular Anti-Fatigue Salon Mat w/ Square Indentation
Can Be Used With Square or Round Chair Base
Reduces Strain on Neck, Back, Legs and Feet
 


Read Reviews
"
https://www.buyritebeauty.com/3-5-x-5-ic-urethane-extra-soft-rectangle-mat-w-square-cut-out-5-8/,"
Description


This Extra Soft Rectangle Salon Mat w/ Square Cut Out is made by IC Urethane, which guarantees only the finest quality found in the salon industry. This rectangular mat is unique in that it features a square cut out which works perfectly with any square base chair, and it also can accommodate either a round chair base as well! This particular mat measures 3.5’ x 5’, with a professional grade 5/8” thickness to help reduce strain on feet, legs, neck and back! IC Urethane‘s super soft mats provide cushioned comfort and protective floor care for all Salons and Barber Shops, & come complete with an INDUSTRY BEST 5 YEAR WARRANTY!
Features:

5/8” Thick Professional Grade Mat
Industry Best 5 Year Warranty
Extra Soft Salon Mat Technology by IC Urethane
3.5’ x 5’ Rectangular Anti-Fatigue Salon Mat w/ Square Indentation
Can Be Used With Square or Round Chair Base
Reduces Strain on Neck, Back, Legs and Feet
 


Read Reviews
"
https://www.buyritebeauty.com/3-x-4-5-ic-urethane-extra-soft-circular-mat-w-square-cut-out-3-4/,"
Description


This Extra Soft Circular Salon Mat w/ Square Cut Out is made by IC Urethane, which guarantees the utmost quality found in the salon industry. This circular mat is unique in that it features a square cut out which works perfectly with any square base chair, and it can also accommodate a round chair base as well! This particular mat measures 3’ x 4.5’, with a professional grade 3/4” thickness to help reduce strain on feet, legs, neck and back! IC Urethane ‘s super soft mats provide cushioned comfort and protective floor care for all Salons and Barber Shops, and come complete with an INDUSTRY BEST 5 YEAR WARRANTY!
Features:

3/4” Thick Professional Grade Mat
Industry Best 5 Year Warranty
Extra Soft Salon Mat Technology by IC Urethane
3’ x 4.5’ Circular Anti-Fatigue Salon Mat w/ Square Indentation
Can Be Used With Square or Round Chair Base
Reduces Strain on Neck, Back, Legs and Feet
 


Read Reviews
"
https://www.buyritebeauty.com/3-x-4-5-ic-urethane-extra-soft-rectangle-mat-w-square-cut-out-3-4/,"
Description


This Extra Soft Rectangle Salon Mat w/ Square Cut Out is made by IC Urethane, which guarantees the best quality found in the salon industry. This rectangular mat is unique in that it features a square cut out which works perfectly iwth any square base chair, and it can also work with a round chair base as well! This particular mat measures 3’ x 4.5’, with a professional grade 3/4” thickness to help reduce strain on feet, legs, neck and back! IC Urethane‘s super soft mats provide cushioned comfort and protective floor care for all Salons and Barber Shops, and come with an INDUSTRY BEST 5 YEAR WARRANTY!!
Features:

3/4"" Thick Professional Grade Mat
Industry Best 5 Year Warranty
Extra Soft Salon Mat Technology by IC Urethane
3’ x 4.5’ Rectangular Anti-Fatigue Salon Mat w/ Square Indentation
Can Be Used With Square or Round Chair Base
Reduces Strain on Neck, Back, Legs and Feet
 


Read Reviews
"
https://www.buyritebeauty.com/j-a-epiray-sanitizer/,"
Description


With the J&A Epiray Sanitizer, there will never be any question if your tools are cleaned and sanitized correctly.  This sanitizer comes quipped with a long lasting UV bulb as well as two pull-out shelves for easy use. The cover and door are made with UV resistant substance to protect technician’s eyes and skin. The door is transparent for easy viewing and is integrated with a sensor which automatically turns the UV Light Off whenever the door is open. The bactericidal and fungicidal properties of UV light are incorporated into designing this safe and effective Epiray sanitizer.
Features 

Automatic On/Off Function Door
Easy View Window
2 Pull-Out Shelves
Ultraviolet Hospital Grade Germicidal Bulb
 


Read Reviews
"
https://www.buyritebeauty.com/j-a-heat-dry-nail-dryer/,"
Description


The J&A Heat And Dry Nail Polish Dryer Machine is where functionality meets convenience. This nail polish dryer machine offers two temperature settings and it has an automatic on and off sensor simplifying the process when nails are wet from manicure and/or pedicure and trying to avoid accidents. This sleek nail dryer is designed for use on both hands and feet.
Features - 

Two Temperature Options
Automatic On And Off Sensor
For Both Hands And Feet
 


Read Reviews
"
https://www.buyritebeauty.com/j-a-lenox-gx-pedicure-spa-w-glass-bowl/,"
Description


The J&A Lenox GX Pedicure Spa is a modern pedicure chair with beautiful finishes that create a synergy of cool, contemporary style without sacrificing an ounce of comfort. The Lenox GX comes with an easily operated remote control, allowing the client to be absolutely spoil themselves by personalizing the detail of their Shiatsu Massage experience. This pedicure chair features a durable glass bowl with J&A's Durable Infiniti Pipeless Whirlpool, a handcrafted fiberglass base with a Gel Coat finish, and beautiful cherry wood arm rests. The Lenox GX is truly the pedicure spa of choice for Day Spas and Salons with an eye for design and comfort. 
Features:

Infiniti Pipeless Whirlpool
Power Recline And Slide
10-inch Adjustable Foot Rest
Full Function Shiatsu Massage
Multicolor LED Lighting In Bowl
Manicure Trays With Cup Holders
Dual Function Fill-And-Spray Hose
Cherry Wood  Arms Rest with Adjustable Trays
Remote Control To Personalize Shiatsu Massage Experience
Hancrafted Fiberglass Base wit a Gel Coat Finish
Chair Colors: Black, Chocolate, Jade Green, Pearl Purple, Rosewood Red, Taupe Beige
Glass Bowl Colors: Crystal Reflections, Gold Reflections And Nickel
Base Colors: Phantom Black & Porcelain White
 


Download Lenox GX Manual
Download Lenox GX Specifications 
Download Lenox GX Component Cut Sheet 
Download Lenox GX Component Cut Sheet 
Read Reviews
"
https://www.buyritebeauty.com/j-a-hot-towel-warmer-large/,"
Description


The J&A Hot Towel Warmer (Large) is the perfect addition to your salon or spa and bade by a well-respected leader in the salon and spa industry. It is excellent for warming towels for soothing and hygienic treatment on your clients. It warms and then keeps towels consistently warm, ensuring a ready supply of warm towels are always available. This hot towel cabinet is equipped with double doors and a pair of interior shelves, allowing it to accommodate up to 48 hand-sized facial towels For best results, make sure your wring out all the excess water before rolling the towels up and placing them inside the unit. The J&A Hot Towel Warmer is ideal for any salon, spa or barbershop.
 
Features:

Large Capacity
Double Doors
Accommodates Up To 48 Facial Towels
No UV Bulb
 


Read Reviews
"
https://www.buyritebeauty.com/j-a-hot-towel-warmer-medium/,"
Description


The J&A Hot Towel Warmer (Medium) is the perfect addition to your salon or spa and bade by a well-respected leader in the salon and spa industry. It is excellent for warming towels for soothing and hygienic treatment on your clients. It warms and then keeps towels consistently warm, ensuring a ready supply of warm towels are always available. This hot towel cabinet is equipped with a pair of interior shelves, allowing it to accommodate up to 24 hand-sized facial towels. For best results, make sure your wring out all the excess water before rolling the towels up and placing them inside the unit. The J&A Hot Towel Warmer is ideal for any salon, spa or barbershop. 
Features:

Medium Capacity
Two Shelves
Accommodates Up To 24 Facial Towels
 


Read Reviews
"
https://www.buyritebeauty.com/j-a-hot-towel-warmer-small/,"
Description


The J&A Hot Towel Warmer (Small) is the perfect addition to your salon or spa and made by a well-respected leader in the salon and spa industry. The towel warmer will keep the towels warm for refreshing and hygienic treatments on your clients. This ""small"" unit will hold up to 12 hand-sized facial towels. For best results, make sure you wring out all the excess water before rolling the towels up and placing them inside the unit. This unit is great for compact locations that are needing to save space!
Features - 

Holds up to 12 Hand-Sized Facial Towels 
Compact Unit for Compact Spaces
Keeps Towels Warm for Treatments
Perfect for Barber Shops, Salons & Spas
 


Read Reviews
"
https://www.buyritebeauty.com/pibbs-lumina-led-salon-mirror-storage-server-w-base/,"
Description


The Pibbs Lumina LED Salon Mirror & Storage Server w/ Base add a clean & modern touch to any salon, spa or barbershop. The extra-large, full-length mirror features a built-in dimmable LED light with an easily accessible on/off button, that will bring a refined glamour to your salon or spa. The wood server is available in black or white, and features durable metal bar pulls, 1 tool holder with wire access to keep the drawer closed while using your tools, 1 utility drawer, 2 spacious storage cabinets on the right side, and 2 large storage cabinets on the left side. Also, if you need an additional mirror to match this luxury styling station we offer the Pibbs Lumnina LED Salon Mirror. 
Features:

Extra-Large, Full-Length Mirror
Built-In Dimmable LED Light
Easy & Accessible On/Off Button
Clean & Modern Style
Pull-Out Tool Holder w/ Wire Access
2 Large Storage Cabinets on Left Side
1 Pull Out Tool Panel with Tool Holders on Right Side
1 Utility Drawer on Right Side
2 Spacious Storage Cabinets on Right Side
Small Footprint w/ Plenty of Storage
 


Read Reviews
"
https://www.buyritebeauty.com/pibbs-126-ecovap-professional-hair-steamer/,"
Description


Pibbs 126 EcoVap Professional Hair Steamer is a professional grade hair steamer that is 100% MADE IN ITALY. This model comes with a caster base making it easy to move around any salon or spa. The Pibbs 126 Hair steamer features a visible water reservoir and dissipater ring to adjust steam intensity. This professional hair steamer also has an easy to read 60 minute timer and temperature controllers, side handles, adjustable angle hood, and removable condensation reservoir. The Pibbs 126 Hair steamer also includes a measuring cup and funnel for easy filling. Buy this Hair Steamer and Never Buy Another One as this is a must have for any salon that does a high volume of color and chemicals.
Features:

Professional Grade Hair Steamer 100% MADE IN ITALY
Durable Caster Base for Easy Transport Around the Salon
Fully Height Adjustable Stand & Steamer Hood
60 Minute Timer & Temperature Control
Dissipater Ring to Adjust Steam Intensity
Includes Measuring Cup & Funnel for Easy Filling
Visible Water Reservoir to Promote Best Filling Practices 
 


Read Reviews
"
https://www.buyritebeauty.com/pibbs-127-ecovap-professional-hair-steamer-w-wall-mount/,"
Description


Pibbs 127 EcoVap Professional Hair Steamer w/ Wall Mount is a professional grade hair steamer that is 100% MADE IN ITALY. This model comes with a 6' extendable wall arm keeping it conveniently out of the way and making it great for small spaces. This wall-mount hair steamer is a huge space saver and is a necessity for any salon doing a large volume of color & chemicals. The Pibbs 127 EcoVap features a visible water reservoir to help promote best filling practices and a dissipater ring to adjust steam intensity. This professional hair steamer also has an easy to read 60 minute timer and temperature controllers, side handles, adjustable angle hood, and removable condensation reservoir. The Pibbs 127 Hair steamer also includes a measuring cup and funnel for easy filling. If you are a salon that processes a large volume of color or hydration treatments and looking for a great quality professional hair steamer, than this is the unit for you. *Expedited Shipping Available, Ask your Buy-Rite Sales Consultant
Features:

Professional Grade Hair Steamer 100% MADE IN ITALY
6' Extendable Wall Arm - Very Stylish & Convenient
60 Minute Timer & Temperature Control
Dissipater Ring to Adjust Steam Intensity 
Includes Measuring Cup & Funnel for Easy Filling
Visible Water Reservoir to Promote Best Filling Practices
Perfect for Small Salons & Spas Looking to Save Space
 


Read Reviews
"
https://www.buyritebeauty.com/pibbs-128-ecovap-ion-professional-hair-steamer/,"
Description


Pibbs 128 EcoVap Ion Professional Hair Steamer is a professional grade Ionic hair steamer that is 100% MADE IN ITALY. This model comes with a durable caster base making it easy to move around any salon or spa. The Ionic Hair Steamer is scientifically proven to break the water molecules into small negatively charges ions allowing the steam to penetrate into the clients hair deeper and faster. The Pibbs 128 Professional Hair Steamer features an easy to read 60 minute timer and temperature controllers, side handles, adjustable angle hood, and removable condensation reservoir. This unit also includes a measuring cup and funnel for easy filling. If you are looking for a high quality professional hair steamer that is built to last in a high volume salon environment, that this is the unit for you! *Expedited Shipping available, please ask your Buy-Rite sales consultant. 

Professional Grade Ionic Hair Steamer 100% MADE IN ITALY
Ionic Technology Proven to Penetrate Steam Deeper & Faster
Durable Caster Base for Easy Transport Around the Salon
Fully Height Adjustable Stand & Steamer Hood
60 Minute Timer & Temperature Control
Dissipater Ring to Adjust Steam Intensity
Includes Measuring Cup & Funnel for Easy Filling
 


Read Reviews
"
https://www.buyritebeauty.com/pibbs-129-ecovap-ion-professional-hair-steamer-w-wall-mount/,"
Description


Pibbs 129 EcoVap Ion Professional Hair Steamer w/ Wall Mount is a professional grade Ionic hair steamer that is 100% MADE IN ITALY. This model comes with a 6' extendable wall arm keeping it conveniently out of the way and making it perfect for any small salon looking to save space. The Ionic Hair Steamer is scientifically proven to break the water molecules into small negatively charges ions allowing the steam to penetrate into the client's hair deeper and faster. The Pibbs 129 EvoVap Ion features an easy to read 60 minute timer and temperature controllers, side handles, adjustable angle hood, and removable condensation reservoir. This professional hair steamer also includes a measuring cup and funnel for easy filling. If you are looking for a high quality hair steamer that is about to mount to the wall and will work well in a busy salon environment than you have found the one for you! *Expedited Shipping available, please ask your Buy-Rite sales consultant.
Features:

Professional Grade Ionic Hair Steamer 100% MADE IN ITALY
Ionic Technology Proven to Penetrate Steam Deeper & Faster
6' Extendable Wall Arm - Very Stylish & Convenient
Perfect for Any Salon or Spa Looking to Save Space
60 Minute Timer & Temperature Control
Dissipater Ring to Adjust Steam Intensity
Includes Measuring Cup & Funnel for Easy Filling
 


Read Reviews
"
https://www.buyritebeauty.com/pibbs-1813-sportster-race-car-kid-s-styling-chair/,"
Description


The Pibbs 1813 Sportster Race Car Kid's Styling Chair is made by Pibbs Industries which guarantees the utmost craftsmanship found in the salon equipment industry. This Race Car style children’s salon chair includes a steering wheel and is sure to bring a smile to any kid’s face. The Pibbs 1813 Sportster also features a full metal frame giving it far more durability than its plastic counterparts. This chair also comes with an upholstered seat cushion and comes on a Pibbs 23"" hydraulic round base. *Expedited Shipping is available, so please ask your Buy-Rite Sales Representative today!
Features:

Kid’s Salon Styling Chair
Full Metal Frame for Great Durability
Race Car Style w/ Steering Wheel
Seat belts Included for Child Safety
Comes Complete w/ a 23” Hydraulic Round Base
Upholstered Seat Cushion
 


Read Reviews
"
https://www.buyritebeauty.com/pibbs-3400-square-design-styling-chair/,"
Description


The Pibbs 2106 Matera Styling Chair is manufactured in the U.S.A. and is designed with durability, client comfort, and world-class style in mind. Available in 40 Custom Vinyl Colors, the Pibbs 2106 Matera Styling Chair features a cushioned Extra-Wide Seat, a Heavy-Duty Hydraulic Pump for easy adjustment of clients, two Durable Footrest options, and is embellished with Chic Quilted Vinyl on the arms & backrest. As part of the Pibbs Matera Family, the Pibbs 2106 Matera Styling Chair matches perfectly with the Matera Backwash Unit, and takes luxury to the next level by providing a chic, stylish touch to any salon.
Features:

Made in the U.S.A. by Pibbs Industries
Available in 40 Custom Vinyl Colors
Extra-Wide Seat for Client Comfort
Chic Quilted Vinyl Offers Beautiful Class Style
Multiple Heavy-Duty Hydraulic Base Options
Two Durable Metal Footrest Options
 


Read Reviews
"
https://www.buyritebeauty.com/pibbs-3400-tufted-styling-chair/,"
Description


The Pibbs 2206 Fondi Styling Chair is manufactured in the U.S.A. and is elegantly designed with client comfort, durability, and world-class style in mind. The Pibbs 2206 Fondi Styling Chair features a luxuriously cushioned Extra-Wide Seat, a Heavy-Duty Hydraulic Pump for easy adjustment of clients, two Durable Footrest options, and is embellished with Sumptuous Tufted Vinyl. Available in 40 vinyl colors, the Pibbs 2206 Fondi Styling Chair takes luxury to the next level by providing an elegant, classic touch to any salon. As part of the Pibbs Fondi Family, the Pibbs 2206 Fondi Styling Chair matches perfectly with the Fondi Backwash Unit and the Fondi Dryer Chair!
Features:

Manufactured in the U.S.A. by Pibbs Industries
Available in 40 Custom Vinyl Colors
Extra Wide Seat for Client Comfort
Heavy-Duty Hydraulic Pump w/ Multiple Options
Two Durable Footrest Options
Embellished w/ Tufted Vinyl for Beautiful Classic Design
 


Read Reviews
"
https://www.buyritebeauty.com/pibbs-2269-fondi-dryer-chair/,"
Description


The Pibbs 2269 Fondi Dryer Chair is 100% Manufactured in the U.S.A. and is designed with durability, client comfort, and world-class style in mind. This American Made Dryer Chair features a Luxuriously Cushioned Extra-Wide Seat with Extra-Wide Armrests designed for client comfort, a Rust Resistant Base for unmatched durability, and is embellished with Sumptuous Tufted Vinyl. The Pibbs 2269 Fondi Dryer Chair can accommodate any standard size box dryer or be customized to fit the Pibbs 514 or 516 dryer. As part of the Pibbs Fondi Family, this dryer chair matches perfectly with the Fondi Styling Chair and Fondi Backwash Unit. The Pibbs 2269 Fondi Dryer Chair provides outstanding comfort and durability, while adding an elegant, classic touch to any salon.
Features:

Made 100% in the U.S.A. by Pibbs Industries
Available in 40 Custom Vinyl Colors
Rust Resistant Metal Base for Unmatched Durability
Extra-Wide Seat for Client Comfort
Extra-Wide Armrests
Embellished w/ Tufted Vinyl
 


Read Reviews
"
https://www.buyritebeauty.com/pibbs-3169-luca-dryer-chair/,"
Description


The Pibbs 3169 Luca Dryer Chair is manufactured in the U.S.A. and is exclusively available at Buy-Rite Beauty! Available in 40 custom vinyl colors, this dryer chair features an extra-wide & durable seat for maximum client comfort, a rust resistant base, and upholstered metal armrests combining comfort and style. The back-dryer cut-out fits most salon dryers, and works perfectly with the X-tra Hot Dryer from Buy-Rite Beauty. This dryer chair is part of the exclusive to Buy-Rite Luca Collection by Pibbs, and matches perfectly with the Luca Styling Chair and Luca Backwash Unit. The Pibbs 3169 Luca Dryer Chair provides a luxurious experience for clients while adding a chic, modern touch to any salon.
Features:

Made in the U.S.A. by Pibbs Industries
Exclusively Available at Buy-Rite Beauty
Available in 40 Custom Vinyl Colors
Upholstered Metal Armrests combining Comfort and Style
Extra-Wide & Durable Seat for Maximum Client Comfort 
Great Durability & Longevity w/ Rust Resistant Metal Base
Back Dryer Cut-Out Fits Most Salon Dryers
 


Read Reviews
"
https://www.buyritebeauty.com/pibbs-3269-ragusa-dryer-chair/,"
Description


Give your salon the seating update it deserves with the Pibbs 3269 Ragusa Dryer Chair, Made in the U.S.A. by Pibbs Industries! Available in 40 Custom Vinyl Colors, the Pibbs 3269 Ragusa Dryer Chair combines style and durability. The Pibbs 3269 Ragusa Dryer Chair features a black metal base & Dryer Box that fits most salon box dryers, a modern low-cut back cushion, and round upholstered metal arms combining comfort and modern style. As part of the Pibbs Ragusa Collection, the Pibbs 3269 Ragusa Dryer Chair matches perfectly with the Ragusa Styling Chair, and adds a chic, modern look to any salon.
Features:

Made 100% in the U.S.A. by Pibbs Industries 
Padded & Upholstered Seat & Back Cushions
Black Metal Base & Dryer Box built to fit Most Salon Box Dryers
Round Upholstered Metal Arms combining Comfort and Style
Available in 40 Custom Vinyl Colors
 


Read Reviews
"
https://www.buyritebeauty.com/pibbs-3270-ragusa-kid-s-styling-chair/,"
Description


The Pibbs 3270 Ragusa Kids Styling Chair sits atop a solid steel/metal frame, has thick padded seat cushion, padded arm rests, and a U footrest for added support for your younger clients. The PIBBS 3270 includes an upholstered seat cushion and 23” round hydraulic base for great support. This styling chair is designed for kids adjusting from 24” to 31”. It comes equipped with a black safety strap that will come in handy for the often-fidgety child. The Pibbs 3270 Ragusa Kid’s Styling Chair is available in a variety of vinyl colors that is sure to blend in with the rest of your salon chairs. ** Available in Two-Tone as pictured for an upcharge, please contact your Buy-Rite Sales  Consultant for more information**
 
Features:

Made by Pibbs in the U.S.A. 
Available in a Variety of Different Vinyl Colors 
Adjusts from 24"" to 31"" High 
Equipped with a Safety Strap 
2 Year Warranty on Hydraulic Pump
Available in Two-Tone (as shown) for an Upcharge
 


Read Reviews
"
https://www.buyritebeauty.com/pibbs-3292-ragusa-desk-chair/,"
Description


The Pibbs 3292 Ragusa Desk Chair is manufactured in the U.S.A. by Pibbs Industries and is designed with comfort, durability, and world-class style in mind. Available in 40 custom vinyl colors, the Pibbs 3292 Ragusa Desk Chair features a padded extra-wide seat and back for maximum comfort, a modern low-cut back cushion, a 5-star adjustable lift base on casters, and stylish curved metal arms with upholstered armrests. As part of the Pibbs Ragusa Collection, the Pibbs 3292 Ragusa Desk Chair matches perfectly with the Pibbs 3206 Ragusa Styling Chair and the Pibbs 3269 Ragusa Dryer Chair, and adds a chic, modern look to any salon.
Features:

Salon Desk & Manicure Chair
Padded & Upholstered Seat & Back
Curved Metal Arms w/ Upholstered Armrests
5-Star Adjustable Lift Base
Available in 40 Custom Vinyl Colors
5 Durable Casters
Contemporary Style
Pibbs Ragusa Collection
 


Read Reviews
"
https://www.buyritebeauty.com/pibbs-3447-cosmo-threading-chair/,"
Description


The Pibbs 3447 Cosmo Threading Chair is made in the U.S.A. by Pibbs Industries and is available in 40 custom vinyl colors. This threading chair has lever-controlled reclining mobility with an extra-large 27” hydraulic barber base, making it extremely versatile and stable. The Cosmo Threading Chair features an adjustable and removable headrest, comfortably padded seat, back, and arms, and a small gap in the seat back making cleaning convenient and easy for the stylist. This professional threading chair is extremely versatile and can be used for cutting, threading, shampooing, waxing, make up application and more! As part of the Pibbs Cosmo Collection, the Pibbs 3447 Cosmo Threading Chair matches perfectly with the Pibbs 5234 Cosmo Backwash Unit, Pibbs 3406 Cosmo Styling Chair, Pibbs 3446 Cosmo All Purpose Chair, Pibbs 3492 Cosmo Desk Chair, Pibbs 3491 Cosmo Barber Chair, and the Pibbs 3469 Cosmo Dryer Chair. The Pibbs 3447 Cosmo Threading Chair combines extreme comfort and modern design, making a perfect addition to any salon.
Features:

Made in the U.S.A.
Professional Threading Chair
Extremely Versatile w/ Many Uses in the Salon or Spa
Adjustable & Removable Headrest
Padded & Upholstered Seat, Back, & Arms
Lever-Controlled Reclining Back
Small Gap in Seat for Easy Clean
Extra-Large 27” Hydraulic Barber Base
Available in 40 Custom Vinyl Colors
Design Continuity w/ Pibbs Cosmo Collection
 


Read Reviews
"
https://www.buyritebeauty.com/pibbs-3570-sessa-kid-s-styling-chair/,"
Description


The Pibbs 3570 Sessa Kid’s Styling Chair has a classic clean design and is made in the U.S.A. with high quality craftsmanship. Designed with ergonomic chrome arm rests, it also has a very wide seat that will fit kids of all sizes. It also comes equipped with a black safety strap that will come in handy for the often-fidgety child. If you are looking for a high-quality styling chair that is great looking at an affordable price this is the chair!
Feautures:

Made by Pibbs in the U.S.A.
Available in a Variety of Different Vinyl Colors 
Equipped with a Safety Strap
Extra Wide Seat for Kids of All Sizes
2 Year Warranty on Hydraulic Pump
 


Read Reviews
"
https://www.buyritebeauty.com/pibbs-3670-messina-kid-s-styling-chair/,"
Description


The Pibbs Messina 3670 Kid’s Styling Chair is made by Pibbs in the U.S.A. This luxe chair sits atop a solid steel/metal frame with a thick durable padded seat cushion, black molded urethane arms, and a U footrest for added comfort for your younger clients. This chair comes equipped with a 23” round hydraulic base for great stability. This styling chair is designed for kids adjusting from 24” to 31”. It also comes equipped with a black safety strap that will come in handy for the often-fidgety child. The Pibbs Messina 3670 Kid’s Styling Chair is available in a variety of colors that is sure to blend in wit the rest of your salon chairs. **Available in Two-Toned as pictured for an upcharge. Please contact your Buy-Rite Sales Consultant for more information**
Features:

Made by Pibbs in the U.S.A.
Availabe in a Variety of Different Vinyl Colors
Adjusts from 24"" to 31"" High 
Equipped with a Safety Strap
2 Year Warranty on Hydraulic Pump 
Available in Two-Tone (as shown) for an Up-Charge 
 


Read Reviews
"
https://www.buyritebeauty.com/pibbs-3770-pisa-kid-s-styling-chair/,"
Description


The Pibbs 3770 Pisa Kid’s Styling Chair is made by Pibbs in the U.S.A. and is made just for kids! This styling chair is a modern European design made in the USA with high quality craftsmanship. Designed with sleek chrome arm rests, a U footrest, and a black safety strap designed with comfort for even your youngest client. If you are looking for a high-quality styling chair that is great looking at an affordable price this is the chair!
Features:

Made by Pibbs in the U.S.A.
Available in a Variety of Different Vinyl Colors 
Equipped with a Safety Strap 
2 Year Warranty on Hydraulic Pump 
 


Read Reviews
"
https://www.buyritebeauty.com/pibbs-4347-lambada-threading-chair/,"
Description


The Pibbs 4347 Lambada Threading Chair is made in the U.S.A. by Pibbs Industries and is available in 40 custom vinyl colors. This threading chair has lever-controlled reclining mobility with an extra-large 27” hydraulic barber base, making it extremely durable and stable. The Pibbs 4347 Lambada Threading Chair features a padded and upholstered headrest, seat, and back for maximum client comfort, contemporary black molded urethane arms, an extra-wide seat suitable for the largest of clients, and a U-bar footrest. This professional threading chair is very versatile and cane be used in any salon or spa for threading, cutting, shampooing, make-up, waxing & more! As part of the Pibbs Lambada Collection, the Pibbs 4347 Lambada Threading Chair matches perfectly with the Pibbs 5243L Lambada Backwash with Legrest, Pibbs 5243 Lambada Backwash Unit, Pibbs 4306 Lambada Styling Chair, and the Pibbs 4346 Lambada All-Purpose Chair, and adds a contemporary, clean look to any salon.
 
Features:

Made in the U.S.A.
Professional Threading Chair
Extremely Versatile w/ Many Uses in Any Salon or Spa
Available in 40 Custom Vinyl Colors
Adjustable & Removable Upholstered Headrest
Padded & Upholstered Seat & Back
Black Molded Urethane Arms
Extra-Wide Seat for Client Comfort
Lever-Controlled Reclining Back
Extra-Large 27” Hydraulic Barber Base
Design Continuity w/ Pibbs Lambada Collection
 


Read Reviews
"
https://www.buyritebeauty.com/pibbs-4370-lambada-kid-s-styling-chair/,"
Description


The Pibbs 4370 Lambada Kid's Styling Chair is a great chair for younger clients. The Lambada Styling Chair features thick padded upholstered seat and back cushions, black molded urethane arms, and a U footrest for added comfort. Worried about those little ones moving? The Lambada comes with a black waist strap for added safety. The Pibbs 4370 Lambada Kid’s Styling Chair is available in a variety of Vinyl Colors allowing you to pick the right fit for your salon.
Features:

Made by Pibbs in the U.S.A.
Available in a Variety of Different Vinyl Colors
Equipped with a Safety Strap
2 Year Wannaty on Hydraulic Pump 
 


Read Reviews
"
https://www.buyritebeauty.com/pibbs-4506-bari-styling-chair/,"
Description


The Pibbs 4506 Bari Styling Chair is manufactured in the U.S.A. by Pibbs Industries and is available in 40 Custom Vinyl Colors! The Pibbs 4506 Bari Styling Chair features a cushioned extra-wide seat, a modern low-cut back cushion, a heavy-duty hydraulic pump, two Durable Footrest options, and rounded chrome armrests that give this chair a modern and stylish accent. The Pibbs 4506 Bari Styling Chair is designed with durability, client comfort, and world-class style in mind, while adding a chic, modern touch to any salon. 
Features:

Made 100% in the U.S.A. by Pibbs Industries
Available in 40 Custom Vinyl Colors
Rounded Chrome Armrests 
Heavy-Duty Hydraulic Pump w/ Multiple Options Available
Extra-Wide & Durable Seat for Maximum Client Comfort
Modern Low-Cut  Back Cushion
 


Read Reviews
"
https://www.buyritebeauty.com/pibbs-5222-fondi-backwash-unit/,"
Description


The Pibbs 5222 Fondi Backwash Unit is manufactured in the U.S.A. and is a perfect combination of elegance and functionality. Available in 40 Custom Vinyl Colors, this shampoo unit features an Extra-Large Tilting Italian Porcelain Shampoo Bowl, an Adjustable Extra-Wide Sliding Seat with Extra-Wide Armrests designed for client comfort, and is embellished with Sumptuous Tufted Vinyl. The Pibbs 5222 Fondi Backwash Unit is part of the Pibbs Fondi Family, which includes a matching Styling Chair and Dryer Chair. The Pibbs 5222 Fondi Backwash Unit provides a luxurious experience for clients while adding an elegant, classic touch to any salon.
Features:

Made in the U.S.A. by Pibbs Industries
Available in 40 Custom Vinyl Colors
Extra Wide Seat for Client Comfort 
Adjustable Sliding Seat w/ Extra Wide Armrests
Large Tilting Italian Porcelain Shampoo Bowl 
Embellished w/ Tufted Vinyl for Beautiful Classic Style
 


Read Reviews
"
https://www.buyritebeauty.com/pibbs-5258-rosa-backwash-unit/,"
Description


The Pibbs 5258 Rosa Backwash Unit is Made 100% in the U.S.A, and comes equipped with an Italian Porcelain Shampoo bowl and fixtures, available in either black or white. The Rosa’s unique adjustable sliding seat and tilting bowl can accommodate guests of various heights, and ensure maximum comfort while they wash. The bright chrome armrests give the Rosa a distinctive and polished look, and this chair comes in your choice of 40 vibrant Pibbs vinyl colors! For design continuity, we also carry the Rosa Dryer Chair, Rosa Styling Chair and the Rosa Desk Chair! Call your Buy-Rite Sales Representative to order yours today! (Two-Tone color combinations available as pictured)
Features:

Made 100% in the U.S.A.
Shampoo Backwash Unit w/ Porcelain Shampoo Bowl
Adjustable Sliding Seat & Bright Chrome Armrests
Tilting Porcelain Shampoo Bowl w/ Hardware (Available in Black or White)
Available in 40 Vibrant Vinyl Colors (See Chart)
Matching Styling Chair, Dryer Chair & reception Seating Available
 


Read Reviews
"
https://www.buyritebeauty.com/pibbs-5447-loop-threading-chair/,"
Description


The Pibbs 5447 Loop Threading Chair is made in the U.S.A. by Pibbs Industries and is available in 40 custom vinyl colors. This threading chair has lever-controlled reclining mobility with an extra-large 27” hydraulic barber base offering great versatility & stability. The Loop Threading Chair features an adjustable and removable headrest, a comfortably padded and upholstered seat, back, and arms, and a small gap in the seat back making cleaning convenient and easy for the stylist. This professional all-purpose chair is extremely versatile and can be used for threading, cutting, shampooing, waxing, make up application and more! As part of the Pibbs Collection, the Pibbs 5447 Loop threading chair matches perfectly with the Pibbs 5274L Loop Backwash Unit w/ Legrest, Pibbs 5274 Loop Backwash Unit, Pibbs 5446 Loop All Purpose Chair, Pibbs 5406 Loop Styling Chair, and Pibbs 5492 Loop Desk Chair adding a contemporary, clean look to any salon.
Features:

Made in the U.S.A.
Professional All-Purpose Threading Chair
Extremely Versatile w/ Many Uses in Any Salon or Spa
Adjustable & Removable Headrest
Padded & Upholstered Seat, Back, & Arms
Lever-Controlled Reclining Back
Small Gap for Easy Clean
Extra-Large 27” Hydraulic Barber Base
Available in 40 Custom Vinyl Colors
Design Continuity w/ Pibbs Loop Threading Chair
 


Read Reviews
"
https://www.buyritebeauty.com/pibbs-5470-loop-kid-s-styling-chair/,"
Description


The Pibbs 5470 Loops Kid’s Styling Chair is a modern European inspired design made in the U.S.A with extraordinary craftsmanship. This chair has been constructed with ergonomic black molded urethane armrests to add comfort and flair. The Loop Kid’s Styling Chair also features thick padded upholstered seat and back cushions, and a U footrest. It comes equipped with a black safety strap that will come in handy for the often-fidgety child. If you are looking for a high-quality styling chair that is great looking at an affordable price this is the chair! You can also select from a variety of Vinyl Colors to make this chair blend in the your existing salon’s color scheme.
 
Features:

Made by Pibbs in the U.S.A.
Available in a Variety of Different Vinyl Colors 
Equipped with a Safety Strap 
2 Year Warranty on Hydraulic Pump

 
  


Read Reviews
"
https://www.buyritebeauty.com/pibbs-5892-rosa-desk-chair/,"
Description


The 5892 Rosa Desk Chair by Pibbs is made 100% in the USA, and guarantees the utmost quality & craftsmanship. Perfect for any salon or spa needing a seating upgrade, the Rosa comes on an adjustable-height 5-star base, with casters and a swivel seat. This seat’s padded and upholstered seat and back cushion and bright chrome armrests make this chair as comfortable as it is stylish, and the Rosa comes in your choice of 40 vibrant Pibbs vinyl colors. Two-toned options are also available, so call your Buy-Rite sales representative to ask about custom coloring options today! We also carry the Rosa Backwash Unit, Rosa Dryer Chair, and Rosa Styling Chair to furnish your entire salon! * Expedited shipping available please contact your Buy-Rite Sales Rep! 
Features:

Made 100% in the USA
Salon or Spa Reception & Desk Chair
5-Star Adjustable Height Base on Casters
Padded & Upholstered Seat & Back
Bright Chrome Armrests
Available in (40) Vinyl Color Choices
Two-Tone Color Options Also Available 
 


Read Reviews
"
https://www.buyritebeauty.com/pibbs-wave-isola-double-sided-station/,"
Description


The Pibbs Wave Isola Double Sided Station will add style and functionality to any salon or spa. Available in a black or silver frame, the 2 extra-large, full-length mirrors are finished with a vibrant polished wave design. The wood styling station is available in black, white and silver and features durable metal bar pulls, 4 tool holders – 2 with wire access to keep the drawer closed while using your tools and (8) spacious storgae cabinets. The Pibbs Wave Isola Double Sided Station has a small footprint with plenty of storage space and is designed to be used by two stylists at the same time. If you are looking for a versatile styling station to help save space that offers great design and functionality then you have found the one!! We also offer the Pibbs Wave Salon Mirror and the Pibbs Wave Salon Mirror & Storage Server for design continuity across your whole salon.  
Features:

Frame Available in Silver or Black
Station Server Available in Black, White & Silver
Perfect for Use by Two Stylists
2 Extra-Large, Full-Length Mirrors
Modern Frames w/ Wave Design
Durable Metal Bar Drawer Pulls
Pull-Out Tool Holders w/ Wire Access
Small Footprint w/ Plenty of Storage
Fashionable, Polished Style
 


Read Reviews
"
https://www.buyritebeauty.com/pibbs-847-karim-threading-chair/,"
Description


The Pibbs 847 Karim Threading Chair is made by Pibbs Industries and is available in 40 custom vinyl colors. This threading chair has lever-controlled reclining mobility with an extra-large 27” hydraulic barber base, making it extremely versatile and stable. The Karim Threading Chair features an adjustable and removable headrest, comfortably padded seat & back and an open design making cleaning convenient and easy for the stylist. This professional threading chair is extremely versatile and can be used for cutting, threading, shampooing, waxing, make-up application and more! The Pibbs 847 Karim Threading Chair combines extreme comfort and classic design, making it the perfect addition to any salon or spa!
Features:

Professional Threading Chair
Extremely Versatile w/ Many Uses in the Salon & Spa
Adjustable & Removable Headrest
Comfortably Padded & Upholstered Seat & Back
Lever-Controlled Reclining Back
Perfect Open Design for Quick & Easy Clean
Extra-Large 27” Hydraulic Barber Base
Available in 40 Custom Vinyl Colors
 


Read Reviews
"
https://www.buyritebeauty.com/pibbs-classic-isola-double-sided-station/,"
Description


The Pibbs Classic Isola Double Sided Station will add style and functionality to any salon or spa. Available in a black or silver frame, the 2 extra-large, full-length mirrors are finished with a vibrant classical design. The wood styling station is available in black, white, or silver and features durable metal bar pulls, 4 tool holders – 2 with wire access to keep the drawer closed while using your tools and (8) spacious storgae cabinets. The Pibbs Classic Isola Double Sided Station has a small footprint with plenty of storage space and is designed to be used by two stylists at the same time. If you are looking for a versatile styling station to help save space that offers great design and functionality then you have found the one!! We also offer the Pibbs Classic Salon Mirror and the Pibbs Classic Salon Mirror & Storage Server for design continuity across your whole salon.  
Features:

Frame Available in Silver or Black
Station Server Available in Black, White & Silver
Perfect for Use by Two Stylists at the Same Time
2 Extra-Large, Full-Length Mirrors
Modern Mirror Frames w/ Classical Design
Durable Metal Bar Drawer Pulls
Pull-Out Tool Holders w/ Wire Access
Small Footprint w/ Plenty of Storage
 


Read Reviews
"
https://www.buyritebeauty.com/pibbs-led-lumina-salon-mirror/,"
Description


The Pibbs Lumina LED Salon Mirror adds a clean & modern look to any salon, spa or barbershop. This full-length, extra-large mirror comes with a built-in LED lit frame with an easy and accessible on/off button. This luxurious salon mirror includes an embedded dimmable LED light that will bring refined glamour to your station and will give your client the opulent experience they deserve! With clean lines and a modern style, the Pibbs Lumina LED Salon Mirror is sure to elevate your styling station to the next level! We also offer this LED Salon Mirror in our Pibbs Lumina LED Salon Mirror & Storage Server.
Features:

Extra-Large, Full-Length Mirror
Built-In Dimmable LED Light 
Easy & Accessible On/Off Button
Polished, Modern Style
Ships Assembled & Ready to Hang
 


Read Reviews
"
https://www.buyritebeauty.com/pibbs-970-cloud-nine-kid-s-styling-chair/,"
Description


The Pibbs 970 Cloud Nine Kid’s Styling Chair is by in the U.S.A. by Pibbs Industries and in available in a variety of different Vinyl Colors. The chair sits atop a solid steel/metal frame, thick durable padding and a U footrest for added support for your younger clients. The PIBBS 970 includes pleated upholstered seat cushions and 23” round hydraulic base for great stability. This styling chair is designed for kids adjusting from 24” to 31”. It also comes equipped with a black safety strap that will come in handy for the often-fidgety child. If you are looking for a high-quality styling chair that is great looking at an affordable price this is the chair!
Features:

Made by Pibbs Industries in the U.S.A.
Avialable in a Variety of Different Vinyl Colors
Equipped with a Safety Strap 
2 Year Warranty on Hydraulic Pump 
 


Read Reviews
"
https://www.buyritebeauty.com/pibbs-art57h-metal-mayo-utility-tray-w-appliance-holder/,"
Description


Always have a blow dryer, brushes or other tools within reach thanks to the Pibbs ART57H Metal Mayo Utility Tray w/ Appliance Holder. This convenient salon color tray with appliance holder makes it super easy for stylists to access their essential tools as the accessory holder hangs directly below the metal tray. This tray comes on wheels and can be easy moved from station to station throughout the salon. It can be used as a color tray or simply to hold your tools for quick and easy access. It comes on a sturdy five-star chrome base with durable casters and features a steel frame and an aluminum tray top. Stylists of all sizes can use this hair stylist tray since it is fully height adjustable and very easy to lower or raise the tray within seconds. * Expedited shipping available please contact your Buy-Rite Sales Rep!Features:

Complete with Metal Mayo Tray & Appliance Holder
Fully Height Adjustable to fit any size Stylist
Chrome Base & Stand for Great Durability
Great for Hair Coloring Bowls or Chemical Bowls
Metal Work Surface - Perfect for Storing Hot Tools
Durable Casters for Great Maneuverability
 


Read Reviews
"
https://www.buyritebeauty.com/belvedere-jelly-fish-color-trolley/,"
Description


The Belvedere Jelly Fish Professional Color Trolley is perfect for hair coloring and chemical treatments! The Jelly Fish Trolley is Italian made with polypropylene material and features silicone speedy wheels for smooth and effortless mobility that any stylist would appreciate. This color trolley comes with 4 bowls, 2 brushes and one disposable aluminum roll and will be a perfect solution for your color treatments. The Jelly Fish comes in two color options; Black & White and both colors are available for quick shipment. This color trolley is a must have for any salon that does a high volume of color and chemical treatments. 
Features: 

Italian Made Color Trolley
Perfect for Hair Coloring & Chemical Treatments
Includes 4 Bowls, 2 Brushes & 1 Disposable Aluminum Roll
Made of Polypropylene Material
Silicon Speedy Wheels
Two Color Options: Black & White
Available for Quick Shipment
 


Read Reviews
"
https://www.buyritebeauty.com/marcel-professional-barber-chair/,"
Description


Who doesn't love a Vintage Style Chair! The Marcel Professional Barber Chair encompasses all things vintage. This chair is built with top of the line quality, and unmatched detail that takes you down memory lane with it's 50’s-style design. This upscale barber chair is available in over 40 vibrant vinyl colors and features solid steel construction throughout, with a brushed gunmetal finish. The Marcel's durable rounded seat & back cushions feature a unique vintage design, and this chair also has padded armrests and a classic flip-style footrest for maximum comfort. No detail was too small when creating this chair, your clients are sure to notice the comfort and quality the Marcel chair will bring to your barbershop or salon.  The Marcel comes equipped with an old-fashioned style hydraulic base and a 3 year warranty on the hydraulic pump. Call your Buy-Rite Sales Representative and get yours today!
Features:

Vintage-Style Professional Barber Chair
Available in over 40 Vibrant Vinyl Colors
Durable, Rounded Seat & Back Cushions w/ Vintage Design
Padded Armrests & Classic Flip-Style Footrest
Adjustable & Removable Headrest
Old Fashioned Heavy-Duty Hydraulic Base
Unique & Classy Design Accents
Solid Steel Frame w/ Brushed Gunmetal Finish
Weight Capacity 450 Lbs.
 


Read Reviews
"
https://www.buyritebeauty.com/maxim-styling-station-w-ledge/,"
Description


The Maxim Styling Station w/ Ledge is 100% Made in the U.S.A. and is built with the utmost craftsmanship found in the salon equipment industry. This free-standing salon styling station ships to you fully assembled and comes complete with a front ledge & 30"" x 28"" mirror. The right side of the Maxim Styling Station features an upper storage cabinet, two utility drawers, a storage cabinet with a slide-out tool panel to accommodate one blow dryer and two curling irons, as well as an extra lower drawer for additional storage! The left side of the station offers even more storage space with two large cabinets. This station is designed with style and functionality in mind, and is sure to suit any salon décor! The Maxim Styling Station is available in your choice of 40 laminate colors with two tone options, so ask your Buy-Rite Beauty Sales representative today!
Features:

Made 100% in the U.S.A.
Complete with Front Ledge & Mirror (30"" x 28"")
Available in 40 Popular Laminates w/ Two-Tone Option
(1) Right Side Upper Storage Cabinet
(2) Left Side Upper & Lower Storage Cabinets
Slide-Out Tool Panel
(3) Utility Drawers
Full Extension Glides & Brushed Metal Handles
Ships Fully Assembled
 


Read Reviews
"
https://www.buyritebeauty.com/omni-styling-station-w-mobile-base/,"
Description


The Omni Styling Station w/ Mobile Base is inspired by our legendary Maxim Styling Station but also includes a lower base with hidden wheels for complete mobility. This free-standing styling station features clean, modern lines and ships to you in two fully assembled pieces complete with a 60"" full-length mirror. A stylist working on the Omni Styling Station will be greeted on the right-hand side by an upper storage cabinet, two utility drawers, a slide-out tool panel to accommodate one blow dryer and two curling irons, and a bottom storage drawer! The left side of the station offers even more storage space with two large cabinets. Additionally, the Omni also features hidden wheels on the bottom for easy cleaning and maneuverability throughout your salon or spa. This feature would be a great asset to any cosmetology school looking to quickly transform their space from classroom to hands-on work-space. The Omni Styling Station is available in your choice of 40 laminate colors that are sure to match your specific salon decor'! And if you have the need for (2) stylists to operate at (1) station we offer the Omni Double Styling Station w/ Mobile Base.
Features:

Made 100% in the U.S.A.
Complete with 60"" Full Length Mirror
Lower Base w/ Hidden Wheels for Mobility
Available in 40 Vibrant Laminate Selections
(1) Right Side Upper Storage Cabinet
(1) Right Side Slide-Out Appliance Drawer
(2) Right Side Utility Drawers
(1) Right Side Storage Drawer
(2) Left Side Storage Cabinets
Full Extensions Glides & Brushed Metal Handles
 


Read Reviews
"
https://www.buyritebeauty.com/omni-double-styling-station-w-mobile-base/,"
Description


The Omni Double Styling Station w/ Mobile Base features clean, modern lines and is double-sided to support two stylists at the same time. This free-standing styling station comes complete with (2) 60"" full-length mirrors and ships to you in two fully assembled pieces for easy installation. Each side of the Omni Double Sided Styling Station is identically equipped with an upper storage cabinet, two utility drawers, a slide-out tool panel to accommodate one blow dryer and two curling irons, as well as one lower drawer for additional storage! This dual sided styling station features hidden wheels on the bottom for easy cleaning & maneuverability throughout your salon. This feature would be a great asset to any cosmetology school looking to create an easy transformation from classroom to hands-on work space. The Omni Double Styling Station is available in your choice of 40 laminate colors to perfectly match your salons look and feel. And if you only have the need for (1) stylist at this station we offer the Omni Styling Station w/ Mobile Base. 
Features:

Made 100% in the U.S.A.
Double Sided Station Perfect for Two Stylists
Complete with (2) 60"" Full Length Mirrors
Lower Base w/ Hidden Wheels for Great Mobility
Available in 40 Vibrant Laminate Colors
Full Extension Glides & Brushed Metal Handles
Identical Storage on Each Side
Appliance Pull out Drawer on Each Side
(2) Storage Cabinets on Each Side
(2) Utility Drawers on Each Side
 


Read Reviews
"
https://www.buyritebeauty.com/omni-distressed-styling-station-w-mobile-base/,"
Description


The Omni Distressed Styling Station is made 100% in the U.S.A. and features a contemporary rustic style with its distressed wood finish. This Styling Station comes complete with a 60"" full-length mirror and ships to you in two fully assembled pieces for a quick and easy installation. A stylist working on the Omni Distressed will be greeted on the right-hand side with an upper storage cabinet, two utility drawers, a slide-out tool panel to accommodate one blow dryer and two curling irons, and an extra lower drawer for additional storage! The left side of this station offers even more storage space with two large cabinets. Additionally, the Omni Distressed also features hidden wheels on the bottom for easy cleaning and maneuverability throughout your salon. This feature would be a great asset to any cosmetology school looking to create easy transformation from classroom to hands-on work space. If you are looking for a durable American made styling station that offers a modern rustic distressed wood finish then you have found the one! And if you have the need for (2) stylings to work at the same station we offer the Omni Distressed Double styling Station w/ Mobile Base. 
Features:

Made 100% in the U.S.A.
Rustic Modern Distressed Wood Finish 
Available in (2) High-End Distressed Wood Finishes
Complete w/ 60"" Full Length Mirror
Full Extension Glides & Brushed Metal Handles
Hidden Wheels for Great Mobility
(3) Storage Cabinets
(1) Storage Drawer
(2) Utility Drawers
(1) Rant-Hand Pull Out Appliance Drawer
 


Read Reviews
"
https://www.buyritebeauty.com/omni-distressed-double-styling-station-w-mobile-base/,"
Description


The Omni Distressed Double Styling Station is made 100% in the U.S.A. and features a contemporary rustic style with its distressed wood finish. This Styling Station is double-sided and is designed to accommodate the needs of two stylists working at the same time. The Omni Distressed Double Station comes complete with (2) 60"" full-length mirrors and ships to you in two fully assembled pieces for a quick and easy installation. Each side of this double styling station is identically equipped with an upper storage cabinet, two utility drawers, a slide-out tool panel to accommodate one blow dryer and two curling irons, and an extra lower drawer for additional storage. Additionally, the Omni Distressed Double Station also features hidden wheels on the bottom for easy cleaning and maneuverability throughout your salon. This feature would be a great asset to any cosmetology school looking to create easy transformation from classroom to hands-on work space. If you are looking for a durable American made Double Styling Station that offers a modern rustic distressed wood finish then you have found the one! And if you only have the the need for (1) stylist per station we offer the Omni Distressed Styling station w/ Mobile Base. 
Features:

Made 100% in the U.S.A.
Rustic Modern Distressed Wood Finish 
Available in (2) High-End Distressed Wood Finishes
Complete w/ (2) 60"" Full Length Mirror
Full Extension Glides & Brushed Metal Handles
Hidden Wheels for Great Mobility
(2) Storage Cabinets
(2) Storage Drawers
(4) Utility Drawers
(2) Pull Out Appliance Drawers
 


Read Reviews
"
https://www.buyritebeauty.com/j-a-empress-lx-pedicure-spa-w-glass-bowl/,"
Description


The J&A Empress LX Pedicure Spa is a modern, full featured pedicure spa with stylish lines and durable construction. Delivering a top-of-industry spa experience, the Empress further impresses with its beautiful resin bowl, clean and powerful pipeless Infiniti™ jets, full shiatsu massage, and easy footrest adjustment, wrapped in LED base lighting. The Empress LX pedicure spa has all the bells and whistles that your clients are sure to appreciate and have them coming back!  *Optional Air Ventilation System available by request, please call your Buy-Rite Salon consultant today for more details!
Features:

Infiniti Pipeless Whirlpool
Automatic Seat Recline And Slide
Adjustable Foot Rest
Movable Arm Rests
Full Function Shiatsu Massage
Multi-color LED Lighting In Bowl
Manicure Trays With Cup Holders
Dual Function Fill-And-Spray Hose
LED Lights On Both Sites of Base
Remote Control To Personalize Shiatsu Massage Experience
Optional Air Ventilation System Available (Additional $150)
 


Download J&A Empress LX/RX Pedicure Spa Manual 
Download J&A Empress LX Specifications 
Read Reviews
"
https://www.buyritebeauty.com/j-a-empress-se-pedicure-spa-w-glass-bowl/,"
Description


The J&A Empress SE Pedicure Spa is a full-featured pedicure spa chair that provides a premier spa experience at an excellent value. This pedicure spa features an elegantly detailed diamond quilted chair top that can be customized in six different leather colors. The sleek base comes in two color options and LED base lighting, along with an exquisite, yet durable resin bowl. The Empress SE is budget-friendly with no compromise to quality, assuring reliable construction and remarkable performance, making it a key piece for any nail salon.  *Optional Air Ventilation System available by request, please call your Buy-Rite Salon consultant today for more details!
Features:

Pipeless Infinity Jets
Adjustable Foot Rest
Movable Arm Rests
Durable Resin Bowl
Full Function Shiatsu Massage
Multicolor LED Lighting In Bowl
Manicure Trays With Cup Holders
Dual Function Fill-And-Spray Hose
LED Lights at Base
Remote Control To Personalize Shiatsu Massage Experience
Chair Colors: Black, Brick, Burgundy, Cappuccino, Chocolate And Mocha
Base & Bowl Colors: White With Silver Trim And Black Resin Bowl, And Bone With Brown Trim And Gold Resin Bowl
Optional Air Ventilation System Available (Additional $150)
 


Download J&A Empress SE Pedicure Spa User Manual
Download J&A Empress SE Pedicure Spa Specifications
Read Reviews
"
https://www.buyritebeauty.com/j-a-lenox-lx-pedicure-spa-w-glass-bowl/,"
Description


The J&A Lenox LX Pedicure Spa w/ Glass Bowl marks a new generation of luxury pedicure spa chairs that combine functionality and comfort. This pedicure spa features an ornate glass bowl that comes in three different color options, equipped with a durable infiniti pipeless whirlpool. The Lenox LX also features a built-in technician remote that conveniently adjusts chair functions and positions at the push of a button. This pedicure chair comes complete with pivot arm rests and the chair top features luxurious shiatsu massage and reclines with ease for ultimate comfort and relaxation. *Optional Air Ventilation System available by request, please call your Buy-Rite Salon consultant today for more details!
Features:

Infiniti Pipeless Whirlpool
Power Recline And Slide
Full-Body Shiatsu Massage
Dual Function Fill-And-Spray Hose
10-inch Adjustable Foot Rest
Built-in Technician Remote
Pivot Arm Rests
Multi-color LED Lighting In Bowl
Adjustable Manicure Trays With Cup Holders
Reinforced Fiberglass, Acetone Resistant Base
Optional Air Ventilation System Available (Additional $150)
 


Download J&A Lenox LX Pedicure Spa Manual 
Read Reviews
"
https://www.buyritebeauty.com/j-a-lenox-m-pedicure-spa-w-glass-bowl/,"
Description


The J&A Lenox M Pedicure Chair is the epitome of luxury and style delivering a full menu of posh amenities and well-thought-out features. This exquisite Pedicure Spa is quintessential for upscale day spas and resorts that are looking for the highest level of luxury. This pedicure spa is an absolute dream with its new-age and modern design and relaxing Shiatsu massage controlled at your fingertips. The Lenox M Pedicure chair features beautiful Hard-Roc tempered glass side trays and pedicure bowls that add elegance and beauty. The glass pedicure bowl and side trays are also stain, scratch and crack resistant offering great durability even during heavy use. This elegant pedicure chair swivels for easy client access and features a convenient front control panel, adjustable foot rest, fold away arm rest and soft color changing led shower head. If you are looking for a Pedicure chair that offers the highest level of comfort and relaxation for your clients than the Lenox M is the chair for you!
Features:

Infiniti Pipeless Whirlpool
Swivel Chair For Easy Client Access
Full Function Shiatsu Massage
Built-in Massage Remote On Arm
Adjustable Foot Rest
Chair Sits On Metal Frame For Maximum Support
Hard-Roc Tempered Glass Side Trays & Bowls
Chrome Single-Hand Faucet With Dual-Function Sprayer
Chair Colors: Eclipse (Black), Bordeaux (Burgundy), Espresso (Chocolate Brown) and Palomino (Dark Beige)
Base Colors: Sahara Gold, Midnight Black, Pristine White and Royal Blue
Glass Bowl Colors: Black Nickel, Champagne Gold and Crystal Reflections
 


Download Lenox M Specifications
Read Reviews
"
https://www.buyritebeauty.com/j-a-petra-gx-pedicure-spa-w-glass-bowl/,"
Description


The J&A Petra GX Pedicure Spa with Glass Bowl is an exquisite combination of both form and function along with first-string engineering, making this pedicure spa a dependable and striking piece for any salon. The Petra GX features a beautifully detailed diamond quilted chair top, a modern base with a glass bowl and sleek cherry wood arms with extending manicure trays and cup holders. This pedicure spa stands out among most with a modern USB charging port feature so that your clients can charge their electronics while enjoying their service, along side a relaxing remote controlled shiatsu massage.
Features:

Infiniti Pipeless Whirlpool
Power Recline And Slide
Adjustable Foot Rest
Built-in USB Charging Port
Full Function Shiatsu Massage
Multicolor LED Lighting In Bowl
Manicure Trays With Cup Holders
Dual Function Sprayer – 2 Spray Settings
Remote Control To Personalize Shiatsu Massage Experience
Side Tray with Cup Holder
 


Download J&A Petra GX Pedicure Spa Manual 
Read Reviews
"
https://www.buyritebeauty.com/j-a-cookie-technician-stool/,"
Description


The J&A Cookie Technician Stool may have a contemporary flair to its design, but it lacks nothing in the comfort department. This technician stool features an extra firm seat and back cushion perfectly contoured for correct support with high density inner foam and a soft leatherette upholstery that comes in six different color options. The Cookie technician stool also boasts a durable gas lift system that is available in a low version to be used with Pedicure chairs and a high version to be used at the Manicure Table. The Cookie Tech stool also features silent easy roll polyurethane casters, an adjustable height lever, and a metal star mirror finish base. This technician stool offers great design continuity and versatility in that it is available in two heights to be used for Pedicure & Manicure.
Features:

Extremely Comfortable Technician Stool
Firm Contoured Seat & Back Cushion
High Density Inner Foam
Soft Upholstery Available in 6 Vinyl colors
Available with High or Low Adjustable Lift
Silent Easy Roll Caster Wheels
 


Read Reviews
"
https://www.buyritebeauty.com/j-a-m-technician-stool/,"
Description


The J&A M Technician Stool is an extremely comfortable technician stool that is available in two heights to be used with both Pedicure Chairs and Manicure Tables. This tech stool if offered with a low gas cylinder that sits the chair at the perfect height for use with Pedicure chairs and it is also offered with a high gas cylinder that is perfect for use at a Manicure Table or Reception Desk. The M Technician stool is available in 4 vibrant vinyl colors and the seat and back cushions are both firm and extra plush to offer great back support and comfort. This tech stool also features a durable metal base with easy roll industrial strength casters that are designed for great mobility. If you are looking for a technician stool that is versatile and extremely comfortable than this is the one for you!
Features:

Extremely Comfortable Spa Technician Stool
Available in 4 Vibrant Vinyl Colors
Durable Metal Base & Industrial Caster
High Density Foam for Great Elasticity & Comfort
Available with Low & High Gas Cylinders
Modern Design w/ Classic Comfort
 


Read Reviews
"
https://www.buyritebeauty.com/pibbs-3206-ragusa-styling-chair/,"
Description


The Pibbs 3206 Ragusa Styling Chair is manufactured in the U.S.A. by Pibbs Industries and is designed with client comfort, durability, and world-class style in mind. Available in 40 Custom vinyl colors, the Pibbs 3206 Ragusa Styling Chair features a cushioned Extra-Wide Seat for maximum client comfort, a Heavy-Duty hydraulic pump for easy adjustment, two durable footrest options, a modern low-cut back cushion, and round upholstered metal arms. Additionally, the Extra-Wide Seat features a gap between the seat bottom and seat back, facilitating an easier cleaning process for the stylist, while providing extra space for your larger clientele. As part of the Pibbs Ragusa Collection, the Pibbs 3206 Ragusa Styling Chair matches perfectly with the Ragusa Dryer Chair, and adds a chic, modern look to any salon.
Features:

Made in the U.S.A. by Pibbs Industries
Available in 40 Custom Vinyl Colors
Round Upholstered Metal Arms combining Comfort and Style
Extra-Wide Durable Seat for Maximum Client Comfort
Heavy-Duty Hydraulic Pump w/ Multiple Options
Two Footrest Options
Gap for Easy Cleaning Process
 


Read Reviews
"
https://www.buyritebeauty.com/pibbs-3446-cosmo-all-purpose-chair/,"
Description


The Pibbs 3446 Cosmo All Purpose Chair is made in the U.S.A. and is available in 40 vibrant vinyl color options. This American-made all-purpose chair is designed specifically with client comfort in mind, and includes an extra-wide seat with thick padding for additional support. The Cosmo All Purpose Chair features a U-bar footrest, a sturdy 24” deluxe round hydraulic base, a convenient lever-controlled back reclining mechanism, and a padded and upholstered seat, back, and armrest. The modern European design and style of the Pibbs 3446 Cosmo All Purpose Chair combines a modern look with unmatched comfort, adding a clean, contemporary look to any salon or barbershop. As part of the Pibbs Cosmo Collection, the Pibbs 3446 Cosmo All Purpose Chair matches perfectly with the Pibbs 3447 Cosmo Threading Chair, Pibbs 3406 Cosmo Styling Chair, Pibbs 5234 Cosmo Backwash Unit, Pibbs 3469 Cosmo Dryer Chair, Pibbs 3492 Cosmo Desk Chair, and Pibbs 3491 Cosmo Barber Chair.
Features:

Made in the U.S.A.
All Purpose Styling Chair
Padded & Upholstered Seat & Back
Extra-Wide Seat for Client Comfort
Modern European Design & Style
Lever-Controlled Back Reclining Mechanism
24” Deluxe Round Hydraulic Base
Available in 40 Custom Vinyl Colors
Design Continuity w/ Pibbs Cosmo Collection
 


Read Reviews
"
https://www.buyritebeauty.com/pibbs-5221-matera-backwash-unit/,"
Description


The Pibbs 5221 Matera Backwash Unit is manufactured in the U.S.A. and is a perfect combination of style and functionality. Available in 40 Custom Vinyl Colors, this shampoo unit features an Extra-Large Tilting Italian Porcelain Shampoo Bowl, an Adjustable Extra-Wide Sliding Seat with Extra-Wide Armrests designed for client comfort, and is embellished with Chic Quilted Vinyl on the arms & backrest. The Pibbs 5221 Matera Backwash Unit is part of the Pibbs Matera Family, which includes a matching Matera Styling Chair. The Pibbs 5221 Matera Backwash Unit provides a luxurious experience for clients while adding a chic, stylish touch to any salon.
Features:

Made in the U.S.A. by Pibbs Industries
Available in 40 Custom Vinyl Colors
Extra-Wide Adjustable Sliding Seat w/ Extra-Wide Armrests
Large Tilting Italian Porcelain Shampoo Bowl 
Embellished w/ Quilted Vinyl for Beautiful Style
 


Read Reviews
"
https://www.buyritebeauty.com/pibbs-5231-luca-backwash-unit/,"
Description


The Pibbs 5231 Luca Backwash Unit is manufactured in the U.S.A. and is exclusively available at Buy-Rite Beauty! Available in 40 Custom Vinyl Colors and designed with client comfort in mind, this backwash unit features an Extra-Wide Adjustable Sliding Seat, a Tilting Italian Porcelain Bowl, a Single Handle Italian Fixture, and Upholstered Metal Armrests combining comfort and style. The Pibbs 5231 Luca Backwash Unit sits atop a beautifully finished metal base that offers superior support and durability. This backwash is part of the Luca Collection by Pibbs that is exclusively available at Buy-Rite Beauty and matches perfectly with the Luca Styling Chair and Luca Dryer Chair. The Pibbs 5231 Luca Backwash Unit provides a luxurious experience for clients while adding a clean & modern touch to any salon.
Features:

Made in the U.S.A. by Pibbs Industries
Exclusively Available at Buy-Rite Beauty
Available in 40 Custom Vinyl Colors
Upholstered Metal Armrests combining Comfort and Style
Extra-Wide Adjustable Sliding Seat for Maximum Client Comfort
Extra-Large Tilting Italian Porcelain Bowl
 


Read Reviews
"
https://www.buyritebeauty.com/pibbs-diamond-salon-mirror/,"
Description


The Pibbs Diamond Salon Mirror is a gorgeous addition to any modern salon or spa. This salon mirror station features an extra-large full-length mirror, making your client the star of the show, and it is complemented by a frame available in 5 sparkling color options – silver, black, espresso, gold, or white. The modern design & style of the Pibbs Diamond Salon Mirror is the perfect addition to any salon or spa, and it provides the “perfect picture” frame for your clients to feel like a superstar! I fyou like this design, check out the Pibbs Diamond Salon Mirror & Storage Server. 
Features:

Frame Available in 5 Sparkling Custom Colors
Extra-Large Full-Length Mirror
Chic, Modern Style
Shipped Fully Assembled & Ready to Install
Optional Glass Shelf Available 
 


Read Reviews
"
https://www.buyritebeauty.com/pibbs-diamond-salon-mirror-storage-server/,"
Description


The Pibbs Diamond Salon Mirror & Storage Server is a beautiful floating styling station that adds a unique, clean look to any salon or spa. This salon mirror station features a chic sparkling mirror frame that is available in silver, black, espresso, gold, or white, and the spacious server is available in black or white. The Pibbs Diamond Salon Mirror & Storage Server also features durable metal bar pulls, an extra-large full-length mirror, one tool holder with wire access to keep the drawer closed while using your tools, 1 utility drawer, 2 spacious storage cabinets on the right side, and 2 large storage cabinets on the left side. The Pibbs Diamond Salon Mirror & Storage Server has a small footprint with plenty of space for products and storage, and is a beautiful addition to any upscale salon or spa. We also offer the Pibbs Diamond Salon Mirror  for design continuity.
Features:

Frame Available in 5 Sparkling Colors
Server Available in Black or White
Pull-Out Tool Holder w/ Wire Access
2 Large Storage Cabinets on Left Side
1 Tool Holder on Right Side
1 Utility Drawer on Right Side
2 Spacious Storage Cabinets on Right Side
Extra-Large Full-Length Mirror
Small Footprint w/ Plenty of Storage
Durable Metal Bar Pulls
 


Download Server Specification Sheet
Read Reviews
"
https://www.buyritebeauty.com/pibbs-wave-salon-mirror/,"
Description


The Pibbs Wave Salon Mirror adds a fashionable, yet subtle accent to any contemporary salon or spa. Available with a silver or black frame, this extra-large, full-length mirror is made with top-of-the-line materials, and is framed by a hip and polished wave design. The sleek style of the Pibbs Wave Salon Mirror elevates any salon styling station to the next level. This salon mirror is also extremely versatile as it can be used by itself or along side any free-standing salon station to accompany it. We also offer the Pibbs Wave Salon Mirror & Storage Server  and the Pibbs Wave Isola Double Sided Station.
Features:

Available in Silver or Black
Extra-Large, Full-Length Mirror
Modern Frame w/ Wave Design
Extremely Versatile Salon Mirror
Ships Assembled & Ready to Install
 


Read Reviews
"
https://www.buyritebeauty.com/pibbs-wave-salon-mirror-storage-server/,"
Description


The Pibbs Wave Salon Mirror & Storage Server is a modern floating styling station that adds a fashionable, yet subtle accent to any salon or spa. Available with a black or silver frame, the extra-large, full-length mirror is finished with a vibrant polished wave design. The wood server is available in black or white, and features durable metal bar pulls, 2 tool holders – 1 with wire access to keep the drawer closed while using your tools, 2 spacious storage cabinets on the right side, and 2 large storage cabinets on the left side. The Pibbs Wave Salon Mirror & Storage Server has a small footprint with plenty of space for products and storage, and brings a refined elevation to any modern salon or spa. We also offer the Pibbs Wave Isola Double Sided Station and the Pibbs Wave Salon Mirror for design continuity across your salon. 
Features:

Frame Available in Silver or Black
Server Available in Black or White
Extra-Large, Full-Length Mirror
Modern Frame w/ Wave Design
Durable Metal Bar Drawer Pulls
Pull-Out Tool Holder w/ Wire Access
2 Large Storage Cabinets on Left Side
2 Tool Holders on Right Side
2 Spacious Storage Cabinets on Right Side
Small Footprint w/ Plenty of Storage
 


Download Server Specification Sheet
Read Reviews
"
https://www.buyritebeauty.com/pibbs-classic-salon-mirror/,"
Description


The Pibbs Classic Salon Mirror makes a perfect addition to a classically styled salon or spa. Available in silver or black, this extra-large, full-length mirror is made with top-of-the-line materials, and is framed by a refined, yet ornate design with curved edges and a dotted accent. The elegant simplicity of the Pibbs Classic Salon Mirror elevates any salon styling station. This salon mirror is also extremely versatile in that it can be used by itself or along side any free-standing salon styling station to accompany it. We also offer the Pibbs Classic Salon Mirror & Storage Server for design continuity across your salon. 
Features:

Available w/ a Silver or Black Frame
Extra-Large, Full-Length Mirror
Classic Frame w/ Curved Edges & Dotted Accent
Arrives Assembled & Ready to Install
Extremely Versatile Salon Mirror Station
 


Read Reviews
"
https://www.buyritebeauty.com/pibbs-classic-salon-mirror-storage-server/,"
Description


The Pibbs Classic Salon Mirror & Storage Server is an elegant floating styling station that brings a classic, clean look to any salon. Available with a silver or black frame, the extra-large, full-length mirror is framed by a refined, yet ornate design with curved edges and a dotted accent. The server is available in black or white, and features 1 pull out tool panel with tool holders – 1 with wire access to keep the drawer closed while using your tools, 1 utility drawer,  2 spacious storage cabinets on the right side, 2 large storage cabinets on the left side, and durable metal bar pulls. Keep your salon station looking clean with the extensive storage and small footprint of the refined, luxurious Pibbs Classic Salon Mirror & Storage Server We also offer the Pibbs Class Salon Mirror for design continuity across your salon. 
Features:

Frame Available in Silver or Black
Server Available in Black or White
Pull-Out Tool Holder w/ Wire Access
2 Large Storage Cabinets on Left Side
1 Pull Out Tool Panel on Right Side
1 Utility Drawer on the Right Side
2 Spacious Storage Cabinets on Right Side
Extra-Large Full-Length Mirror
Small Footprint w/ Plenty of Storage
Classic Frame w/ Curved Edges & Dotted Accent
Durable Metal Bar Pulls
 


Download Server Specification Sheet
Read Reviews
"
https://www.buyritebeauty.com/pibbs-lumina-led-salon-mirror-storage-server/,"
Description


The Pibbs Lumina LED Salon Mirror & Storage Server add a clean & modern touch to any salon, spa or barbershop. The extra-large, full-length mirror features a built-in dimmable LED light with an easy and accessible on/off button, that will bring a refined glamour to your styling station. The wood server is available in black or white, and features durable metal bar pulls, 1 tool holders with wire access to keep the drawer closed while using your tools, 1 utility drawer, 2 spacious storage cabinets on the right side, and 2 large storage cabinets on the left side. The beautiful Pibbs Lumina LED Salon Mirror & Storage Server has a small footprint with plenty of space for products and storage, and brings an opulent elevation to any upscale salon or spa. And if you need an addtioanl mirror to match this luxe server we offer the Pibbs Lumnina LED Salon Mirror. 
Features:

Extra-Large, Full-Length Mirror
Built-In Dimmable LED Light
Easy & Accessible On/Off Button
Clean & Modern Style
Durable Metal Bar Drawer Pulls
Pull-Out Tool Holder w/ Wire Access
2 Large Storage Cabinets on Left Side
1 Pull Out Tool Panel with Tool Holders on Right Side
1 Utility Drawer on Right Side
2 Spacious Storage Cabinets on Right Side
Small Footprint w/ Plenty of Storage
 


Download Server Specification Sheet
Read Reviews
"
